filepath,xmin,xmax,ymin,ymax
./images\0073797c-a755-4972-b76b-8ef2b31d44ab___new_IMG_20160315_071740.jpg.xml,140,339,210,260
./images\03273806-bb1e-48da-8c8b-a0133a90197a___2014-Skoda-Yeti-Test-Drive.jpg.xml,185,374,290,339
./images\0369b20e-b432-4409-90f9-2420877aa386___8151536c79159a1557421da5f27f9f0e.jpg.xml,335,453,313,347
./images\07064c2c-2aa3-4419-91a4-92916de8e54c___mahindra-scorpio-old-car-500x500.jpg.xml,205,335,290,353
./images\0850c175-0b8d-47f2-801c-e29f1dbdb367___3e7fd381-0ae5-4421-8a70-279ee0ec1c61_571.xml,374,596,275,382
./images\092c497e-623d-499d-822a-4b01c657389b___3e7fd381-0ae5-4421-8a70-279ee0ec1c61_nissan-terrano-rear-left-rim.xml,111,172,164,183
./images\11186c4c-5f17-49b1-af37-a138a1e53794___12837944763_e7c6c6381a_z.jpg.xml,221,432,190,233
./images\11832b13-d514-4f1d-967c-d00e76d21e9b___Yellow-Number-Plate-With-Black-Lettering.jpg.xml,121,244,163,202
./images\125b5cda-9691-47aa-8e57-f6d8a8537d83___fancy_number_plates_in_india.jpg.xml,52,401,87,175
./images\1438b735-2d21-4879-8ed4-e5fa086e70c8___Maruti-Suzuki-Swift-Dzire-1.jpg.xml,189,333,266,303
./images\165eaa92-8e90-44e6-b132-8af462bae0c9___scorpio-rear.JPG.xml,42,106,129,158
./images\175ff546-0679-4cbb-ab03-acfcd96877b7___Maruti_Wagon_R_Rear.jpg.xml,192,362,278,325
./images\206c95ff-83b8-4273-b105-6637bf9a3038___numerix-number-plates-thodupuzha-idukki-number-plate-dealers-1lhwiga.jpg.xml,624,1715,537,1008
./images\2153dfcb-5968-4bfc-86ba-7ee8ec2d25b1___163231d1425035435-skoda-rapid-tdi-remapped-code-6-tuning-ind-front.jpg.xml,61,238,360,408
./images\2302b12c-3d74-4d6c-b376-ba8ab308a8c3___big_215451_1320738450.jpg.xml,129,206,131,156
./images\2424211e-e6ba-4478-8ed1-6a04e25499c7___main-qimg-7673aeac86d0ef987deb837552c5dd4c-1.xml,141,305,282,325
./images\2430703d-0fb3-4eb2-9765-4f9301f232cd___3e7fd381-0ae5-4421-8a70-279ee0ec1c61_Terrano-Duster-Rear-Comparison - Copy.xml,450,692,272,327
./images\2430703d-0fb3-4eb2-9765-4f9301f232cd___3e7fd381-0ae5-4421-8a70-279ee0ec1c61_Terrano-Duster-Rear-Comparison.xml,595,808,264,317
./images\254b647f-4cb3-46c3-a206-4e70041f4c78___speedex-number-plates-nandanam-chennai-car-number-plate-dealers-33nu2i6.jpg.xml,119,219,84,109
./images\266d82c7-1b64-44cd-b77c-c08d98175390___3e7fd381-0ae5-4421-8a70-279ee0ec1c61_5c752daa8d168dec865fe0462bf2c0bb_large.xml,165,287,360,387
./images\28574c06-ac11-422e-864f-a51b726bb9ba___3e7fd381-0ae5-4421-8a70-279ee0ec1c61_hqdefault0.xml,122,210,205,229
./images\304b14b8-dc3c-41cb-94b6-635864e2e964___number-plate-protector-car-safeplate-250x250.jpg.xml,10,244,87,176
./images\31847e78-6696-4dc2-be08-cb37d512c576___2010_Maruti_WagonR_Review.jpg.xml,29,161,265,325
./images\319f51dc-9db2-4977-a43d-09561cdd54ab___1415806d1442489743t-raging-red-rover-r3-my-mahindra-scorpio-s10-4x4-nudge-guard.jpg.xml,271,502,1,59
./images\346a6946-ae0a-4b3f-b094-d971124b2064___banner_3.xml,326,574,186,231
./images\347c849b-6cfa-4edb-af1f-b29bdad25c4d___new_New-Volkswagen-Polo.jpg.xml,20,136,128,158
./images\3515f71d-cdd6-4050-ae68-7b7afd4c0a11___8.xml,79,332,155,243
./images\351a22eb-bf0a-44d6-8b6d-5ffca753c261___bike-number-plate-500x500.jpg.xml,111,258,113,188
./images\369ccb4b-88fe-4e97-91c1-3838da2b7563___3e7fd381-0ae5-4421-8a70-279ee0ec1c61_Honda-Jazz-Number-Plates-Designs.xml,181,430,126,249
./images\377b225b-e978-4e7c-8e5e-f10d8effc336___Maruti-Suzuki-Ignis-Rear-view-94486.jpg.xml,154,315,230,277
./images\40204d5c-c847-4437-90db-3e2d05a27761___33.jpg.xml,95,325,87,295
./images\41209caa-2aa2-4003-b057-e0508c1d5ac9___Volkswagen-Ameo-Exterior-68165.jpg.xml,201,273,202,227
./images\4434b404-dd10-4150-b226-b76b6ef95e43___new_224489195_8_1000x700_skoda-superb-2010-.jpg.xml,140,306,157,208
./images\504e7c29-e1dc-48c9-ace6-738cf934e368___2017-skoda-octavia-rs-12.jpg.xml,292,424,184,235
./images\5231116f-7a07-4ce2-b437-d34b497e7969___3e7fd381-0ae5-4421-8a70-279ee0ec1c61_844329566_3_1080x720_nissan-terrano-xe-d-2014-diesel-.xml,187,351,342,384
./images\5345a45f-8d1b-4984-b5ee-a69fc4cbda6a___new__bd7f7862-d727-11e7-ad30-e18a56154311.jpg.xml,362,434,174,196
./images\5747d3e8-4dd0-435f-942d-34b84f03344c___Maruti-Suzuki-Swift-Number-Plates-Design.jpg.xml,142,337,251,303
./images\581e2224-3640-4bad-9d90-c2076a9f64f4___617609.jpg.xml,170,285,161,184
./images\60842fa7-0a2e-4407-b41c-933d93bdbb35___3e7fd381-0ae5-4421-8a70-279ee0ec1c61_nissan-terrano-red-rear.xml,146,237,215,244
./images\6578ae52-8431-4854-ba24-756888891756___1496414894_2017-maruti-suzuki-ciaz.jpg.xml,295,426,170,221
./images\6767eddd-bf2f-4270-aa1f-6146738895ab___3e7fd381-0ae5-4421-8a70-279ee0ec1c61_Nissan-Terrano-20300.xml,353,424,214,247
./images\684f079f-6085-420c-8e4e-e1aed270fc05___Toyota-Fortuner-Number-Plates-Design.jpg.xml,541,769,390,458
./images\7070d6ac-5425-4d33-a78e-a48c62d0fac5___Honda-Jazz-Number-Plate-Designs.jpg.xml,76,546,134,295
./images\7073bd18-c0bf-47da-9e43-8c9d27831f11___new_Skoda-Laura-rear.jpg.xml,198,300,162,186
./images\712ecd95-753f-4d67-ae42-e8b5254e6e94___28iam53.jpg.xml,36,186,195,278
./images\730a2f83-cd53-4943-8922-af9d4fcad415___new_2.xml,144,369,82,230
./images\760ba77a-8992-4574-8cba-6c081d9e3e19___3e7fd381-0ae5-4421-8a70-279ee0ec1c61_04f4c639c871fba0b4cc6475604e40b7_large.xml,95,193,262,285
./images\7616cb19-df24-4d29-b679-5252391a547f___Skoda-Laura-rear.jpg.xml,316,479,260,296
./images\79094948-25d3-418e-86fc-3c2d62917f62___513039-volkswagen-vento-test-drive-review-06032011612.jpg.xml,1049,2247,934,1311
./images\8187c22d-5fa4-4976-9c00-80b2ab66b97d___1290890d1411349145-take-look-number-plate-img_20140903_093600_hdr.jpg.xml,94,241,241,321
./images\84969111-2ec3-4914-b3bb-da5aaac701e7___1.jpg.xml,47,106,229,250
./images\85bd88a0-ac9a-412e-ba44-2a29d209e212___4336_1466054535_9.jpg.xml,165,285,189,228
./images\85d7e25d-5aa1-4e5f-9c4e-4e671f14ddbe___77cca4b6f3864b3928824a030ba101d2.jpg.xml,177,312,521,552
./images\868b996f-1f40-47ca-8222-b0f2750d7010___3e7fd381-0ae5-4421-8a70-279ee0ec1c61_nissan-terrano-left-side-view.xml,84,132,130,148
./images\88294212-f11c-46a7-a91a-04c9da19efa6___DSC_8221-L.jpg.xml,232,316,194,234
./images\8906af57-0d29-417d-ac46-408425527b57___VW-Vento-TDI-CNG-Spy-Pic-2.jpg.xml,246,373,239,296
./images\89d26be7-258a-4470-b0fe-d1df57b20d55___new_Skoda-Octavia-5.jpg.xml,185,249,209,230
./images\931dfd5a-3d1f-4a08-9234-0453545e27ea___1297127d1412798792-maruti-ciaz-official-review-imag0627.jpg.xml,155,354,117,178
./images\93b6319a-5886-48d8-8a69-07d586751553___2014-VW-Polo-facelift-first-drive-rear-number-plate.jpg.xml,363,1045,291,556
./images\93b6ca4e-17cc-4b12-b7f5-66fb37c6107c___number-plate-factory-fitted1.jpg.xml,218,428,144,194
./images\94c5a151-24b5-493c-a900-017a4353b00c___3e7fd381-0ae5-4421-8a70-279ee0ec1c61_Tata-Tiago-Front-Number-Plates-Design.xml,260,696,234,338
./images\967ba4a0-eb8e-4734-aa09-c7143d0404b6___39720161008_150234.jpg.xml,161,317,208,250
./images\97846647-16f1-4ee2-b260-60774a21cc74___new_Maruti-Suzuki-Swift-Dzire-1.jpg.xml,109,253,145,183
./images\a1928183-9ebe-40f0-9a84-500aecc61474___2014-Skoda-Superb-facelift-spied-in-India.jpg.xml,419,517,169,214
./images\a285cdf6-4640-41ee-b3f3-b721f334466f___Skoda-Octavia-RS-launched-in-India-3.jpg.xml,176,348,255,291
./images\a2d49f53-4121-4627-b5d9-069f8b2f8490___840256171_1_1080x720_maruti-suzuki-wagon-r-vxi-with-abs-minor-2014-petrol-erode.jpg.xml,109,241,226,259
./images\a2f87691-b9f5-4274-ac5a-8764e9ba282c___1571669d1477648169-your-favourite-number-plate-font-13.jpg.xml,241,1398,209,704
./images\a34aeb21-ffe8-4357-80d3-8f212c62c816___new_main_cropped.jpg.xml,202,347,110,142
./images\a508ecb5-bfdd-46ba-8640-bb827b7c089c___Volkswagen-Polo.jpg.xml,565,674,207,238
./images\a615016b-4d07-46c7-a52b-8d4319fe3a10___3e7fd381-0ae5-4421-8a70-279ee0ec1c61_nissan-terrano-rear-view.xml,301,406,362,390
./images\a9268f51-fbb4-42c2-b88c-f5ef9f8ead42___2266_7T4G0510.JPG.xml,150,344,251,303
./images\a95a0d9d-5d40-4abb-bd3e-6c6d94bef5b1___IMG_3310.jpg.xml,138,304,133,182
./images\a970d6e0-5948-4412-a1ec-67c5240722a8___images-gallery-misc4-250x250.jpg.xml,14,197,28,129
./images\aa221c22-6600-4f05-9eb9-3676ef0b22e0___69590d1226627898-high-security-number-plates-india-d1.jpg.xml,164,900,255,434
./images\ab573806-1da7-4ccf-93c8-6082e0cc15c3___1107433d1373284570-my-modded-skoda-rapid-now-166-bhp-351-nm-119-whp-per-tonne-hdr_00005_normal.jpg.xml,636,891,513,578
./images\ad1f5cbc-7545-407e-8974-a03ddb7b7779___833542696_1_1080x720_mahindra-scorpio-vlx-4wd-airbag-bs-iv-2012-diesel-.jpg.xml,411,602,420,469
./images\aea95aa0-a000-4103-945d-c173383bd646___3e7fd381-0ae5-4421-8a70-279ee0ec1c61_Nissan-Terrano-11.xml,483,691,195,330
./images\af058398-67d6-4d0e-a6d9-afc1cb184e5b___3e7fd381-0ae5-4421-8a70-279ee0ec1c61_hqdefault3.xml,146,239,209,245
./images\af270103-6ed4-4260-9d01-b8be2e2b9af1___skoda-rapid-1.5-tdi-dsg-review.jpg.xml,106,249,154,198
./images\af36405d-be93-4c8c-b1b2-5a0832535eeb___main-qimg-4caf07f4dfd9e2a2d279ddd54fb91986-c.jpg.xml,121,243,162,201
./images\af608b5e-07d6-4bcf-84d0-f0cba9e54e12___Skoda-Superb-Rear-Profile.jpg.xml,238,349,187,213
./images\aff1f53b-3259-44f0-9718-05fb64dc8ba1___Untitled.xml,84,182,140,162
./images\AN1.xml,94,185,364,385
./images\AN10.xml,109,165,168,181
./images\AN2.xml,121,179,224,237
./images\AN4.xml,82,141,229,245
./images\AN5.xml,150,205,244,256
./images\AN6.xml,121,184,229,246
./images\AN7.xml,89,192,366,391
./images\AP1.xml,101,179,145,162
./images\AP10.xml,111,188,267,284
./images\AP12.xml,77,132,226,248
./images\AP13.xml,96,169,191,210
./images\AP14.xml,103,191,176,206
./images\AP15.xml,93,203,240,260
./images\AP16.xml,104,154,127,138
./images\AP17.xml,106,180,340,355
./images\AP18.xml,105,163,114,129
./images\AP19.xml,98,158,341,357
./images\AP2.xml,95,141,48,59
./images\AP20.xml,100,165,261,275
./images\AP21.xml,120,229,99,129
./images\AP22.xml,74,172,229,248
./images\AP23.xml,78,136,223,234
./images\AP24.xml,90,183,265,285
./images\AP25.xml,90,173,250,267
./images\AP26.xml,96,179,45,63
./images\AP27.xml,98,174,197,216
./images\AP29.xml,105,183,1,16
./images\AP3.xml,175,249,273,320
./images\AP30.xml,90,173,276,292
./images\AP33.xml,98,182,231,251
./images\AP34.xml,98,183,7,22
./images\AP39.xml,94,167,157,172
./images\AP4.xml,111,171,138,150
./images\AP40.xml,76,169,233,253
./images\AP41.xml,79,190,265,290
./images\AP42.xml,115,184,94,110
./images\AP43.xml,110,198,322,344
./images\AP44.xml,95,159,251,270
./images\AP45.xml,98,182,231,263
./images\AP46.xml,74,180,262,287
./images\AP5.xml,93,155,163,179
./images\AP6.xml,98,176,221,239
./images\AP7.xml,79,158,223,240
./images\AP8.xml,100,172,220,237
./images\AR1.xml,99,156,110,122
./images\AR10.xml,34,88,171,188
./images\AR11.xml,26,217,415,447
./images\AR12.xml,110,176,136,151
./images\AR13.xml,93,180,35,56
./images\AR2.xml,114,175,162,176
./images\AR3.xml,54,97,234,261
./images\AR4.xml,95,191,270,290
./images\AR6.xml,129,198,161,183
./images\AR7.xml,86,163,57,75
./images\AR8.xml,32,73,299,316
./images\AR9.xml,99,188,267,286
./images\AS1.xml,143,216,251,271
./images\AS10.xml,99,177,358,379
./images\AS11.xml,80,120,94,104
./images\AS13.xml,120,170,111,122
./images\AS14.xml,42,91,159,170
./images\AS15.xml,86,177,274,293
./images\AS16.xml,80,172,240,261
./images\AS17.xml,89,182,250,268
./images\AS18.xml,95,148,219,233
./images\AS19.xml,84,168,247,269
./images\AS2.xml,99,189,249,268
./images\AS20.xml,51,114,124,152
./images\AS21.xml,112,181,190,206
./images\AS22.xml,101,166,280,298
./images\AS23.xml,81,179,76,102
./images\AS24.xml,90,183,343,366
./images\AS25.xml,96,166,144,162
./images\AS26.xml,106,168,135,149
./images\AS3.xml,71,122,139,165
./images\AS5.xml,94,189,316,346
./images\AS6.xml,17,68,154,176
./images\AS7.xml,61,128,217,245
./images\AS8.xml,97,164,242,258
./images\AS9.xml,100,172,135,151
./images\b176b317-68a9-4c38-ac39-55e5244c9b9c___60653.jpg.xml,456,785,105,234
./images\b3e82163-400b-4211-bb99-a5b53fb13a25___new_IMG_8883.jpg.xml,43,180,52,85
./images\b4eb91cd-3e77-40c2-bbe6-13d42f2ea4ba___INNOVA_Euro_Number_Plates.jpg.xml,162,339,151,193
./images\b5b41a4b-8913-4af6-9419-ac6398d266b0___161893107_2_1000x700_innava-with-fancy-number-upload-photos.jpg.xml,127,261,247,293
./images\b78259be-7ef5-4499-b9a2-2b8a37660e8b___Maruti-Suzuki-Celerio-Front-Number-Plates-Design.jpg.xml,325,691,288,371
./images\b78553c7-977e-49a2-b3d2-42825d83c8b0___1557297d1474517501-toyota-innova-crysta-official-review-20160920_191445.jpg.xml,56,220,199,276
./images\b79f870d-15c7-48e3-8874-7c0e53e29f75___3e7fd381-0ae5-4421-8a70-279ee0ec1c61_754eab882b8290b29a0454dd45580a39_555X416_1 - Copy (2).xml,72,127,127,149
./images\b79f870d-15c7-48e3-8874-7c0e53e29f75___3e7fd381-0ae5-4421-8a70-279ee0ec1c61_754eab882b8290b29a0454dd45580a39_555X416_1 - Copy (3).xml,237,288,109,126
./images\b79f870d-15c7-48e3-8874-7c0e53e29f75___3e7fd381-0ae5-4421-8a70-279ee0ec1c61_754eab882b8290b29a0454dd45580a39_555X416_1 - Copy.xml,54,123,135,157
./images\b79f870d-15c7-48e3-8874-7c0e53e29f75___3e7fd381-0ae5-4421-8a70-279ee0ec1c61_754eab882b8290b29a0454dd45580a39_555X416_1.xml,115,178,123,145
./images\ba457a81-cf10-4879-8e8f-3a0a8d10689a___3e7fd381-0ae5-4421-8a70-279ee0ec1c61_hqdefault.xml,181,281,202,223
./images\bb210ab4-795c-4b2b-9b6e-4597cbc67375___White-2BPlate.xml,164,274,223,247
./images\bb767d81-73b4-4c47-b619-7efde490b199___3e7fd381-0ae5-4421-8a70-279ee0ec1c61_oem-name0 - Copy.xml,60,104,206,217
./images\bb767d81-73b4-4c47-b619-7efde490b199___3e7fd381-0ae5-4421-8a70-279ee0ec1c61_oem-name0.xml,254,375,255,288
./images\bbf22d00-3dd6-4338-b701-264e0c0c0aff___Maruti-Swift-DZire-Photos-1.jpg.xml,191,388,230,276
./images\bcdc8b42-5dd4-48e2-8104-706440524bfe___hqdefault0.jpg.xml,1,465,63,182
./images\bd742e42-bacc-430e-b9aa-9df666f5d9b3___kicker-647_010517112446.jpg.xml,202,295,214,241
./images\be483d11-33f0-4c1f-87b6-9844eea28996___1093346d1370435964-take-look-number-plate-photo.jpg.xml,268,389,260,302
./images\bff789cd-2d58-4399-a55e-33be55f313e3___IMG_0472.jpg.xml,272,482,331,384
./images\BR10.xml,112,192,235,255
./images\BR11.xml,77,141,211,225
./images\BR12.xml,106,154,130,141
./images\BR13.xml,97,166,196,213
./images\BR14.xml,21,68,185,223
./images\BR15.xml,77,145,123,165
./images\BR16.xml,43,112,255,285
./images\BR17.xml,90,154,233,250
./images\BR18.xml,91,198,338,360
./images\BR3.xml,112,178,213,228
./images\BR4.xml,37,134,322,351
./images\BR5.xml,100,169,297,311
./images\BR6.xml,122,207,244,265
./images\BR7.xml,99,181,301,316
./images\BR8.xml,99,161,132,145
./images\BR9.xml,168,218,219,240
./images\c02b3989-8334-4cf7-b69c-bcd177e209d4___mqdefault.jpg.xml,96,226,19,53
./images\c03a7106-1fb9-471f-bbb0-2e8f4a29759a___38e7b1109eb976088e1df2f14ac4c08c.jpg - Copy.xml,85,191,257,285
./images\c03a7106-1fb9-471f-bbb0-2e8f4a29759a___38e7b1109eb976088e1df2f14ac4c08c.jpg.xml,38,73,135,153
./images\c06d4d42-591f-429e-92b4-20e701f89c14___2014-VW-Polo-facelift-spied-India-rear.jpg.xml,449,648,717,763
./images\c1d91c5e-128b-41d4-9f9d-ebfbef98b597___High_security_n15816.jpg.xml,18,436,141,289
./images\c2feb2b7-fbb3-4e1e-ad48-cc8112a1ab3f___Maruti_R3_On_Test.jpg.xml,162,313,213,261
./images\c30a1535-9d8f-465e-a7f4-aa726f19f0b1___new-maruti-alto-k10-2_625x300_41414071192.jpg.xml,248,419,376,414
./images\c41652d9-19ae-4a7d-8423-230340ac30bc___Skoda_Laura_DSG_Long_Term_Review-125.jpg.xml,393,595,452,500
./images\c48f8704-bc40-462a-a595-445b2f2e63fe___new_77cca4b6f3864b3928824a030ba101d2.jpg.xml,51,185,200,231
./images\c795950c-766a-4a2e-9636-62d663d6f06b___62bf1edb36141f114521ec4bb4175579.jpg.xml,828,877,294,337
./images\c8a79e91-8c48-42d0-9b80-137fd033493c___automakers-number-plates-nitin-gadkari_827x510_61522653557.jpg.xml,65,158,162,198
./images\ca18d733-ec53-49d9-87aa-a9f6c52cc7bb___VW-Polo-GT-TSI-badge-on-the-grille.jpg.xml,108,392,226,291
./images\car-wbs-AP02BP2454_00000.xml,231,358,189,220
./images\car-wbs-CH01AN0001_00000.xml,283,425,240,281
./images\car-wbs-DL10CG4693_00000.xml,147,370,100,152
./images\car-wbs-DL12C3536_00000.xml,1051,2249,934,1307
./images\car-wbs-DL3CAY2231_00000.xml,292,446,219,253
./images\car-wbs-DL3CAY9324_00000.xml,300,486,261,304
./images\car-wbs-DL6CM6683_00000.xml,92,228,328,397
./images\car-wbs-DL6CM6683_00001.xml,302,406,363,389
./images\car-wbs-DL7CN5617_00000.xml,146,260,181,207
./images\car-wbs-DL8CX4850_00000.xml,121,263,198,233
./images\car-wbs-GJ03JL0126_00000.xml,154,246,142,165
./images\car-wbs-GJ05JH2501_00000.xml,134,263,237,271
./images\car-wbs-GJ05JH2501_00001.xml,126,244,297,330
./images\car-wbs-GJW115A1138_00000.xml,156,338,195,246
./images\car-wbs-HR11F7575_00000.xml,186,348,344,385
./images\car-wbs-HR26AZ5927_00000.xml,172,252,193,212
./images\car-wbs-HR26BA8008_00000.xml,14,198,33,131
./images\car-wbs-HR26BC5514_00000.xml,165,239,202,220
./images\car-wbs-HR26BC5514_00001.xml,159,237,221,239
./images\car-wbs-HR26BP3543_00000.xml,109,252,145,181
./images\car-wbs-HR26BP3543_00001.xml,190,333,265,302
./images\car-wbs-HR26BR9044_00000.xml,88,165,110,134
./images\car-wbs-HR26BU0380_00000.xml,97,160,186,203
./images\car-wbs-HR26CB1900_00000.xml,166,220,222,236
./images\car-wbs-HR26CE1485_00000.xml,231,345,280,307
./images\car-wbs-HR26CH3604_00000.xml,199,352,135,176
./images\car-wbs-HR26CK8571_00000.xml,384,487,215,246
./images\car-wbs-HR26CM6005_00000.xml,192,387,226,274
./images\car-wbs-HR26CR3302_00000.xml,120,216,115,146
./images\car-wbs-HR26CT4063_00000.xml,133,300,305,353
./images\car-wbs-HR26CT6702_00000.xml,248,420,378,417
./images\car-wbs-HR26CT6702_00001.xml,144,314,165,203
./images\car-wbs-HR26CU6799_00000.xml,233,308,155,179
./images\car-wbs-HR26DA0471_00000.xml,157,313,228,276
./images\car-wbs-HR26DA2330_00000.xml,25,144,207,247
./images\car-wbs-HR26DG6167_00000.xml,218,426,146,192
./images\car-wbs-HR26U7501_00000.xml,352,572,182,307
./images\car-wbs-HR51AY9099_00000.xml,192,393,513,551
./images\car-wbs-HR696969_00000.xml,231,430,254,305
./images\car-wbs-HR99BJ6662_00000.xml,260,730,203,346
./images\car-wbs-HR99EX6037_00000.xml,149,343,252,302
./images\car-wbs-HRDK0830_00000.xml,342,492,241,290
./images\car-wbs-KA01CA2555_00000.xml,230,417,121,178
./images\car-wbs-KA031351_00000.xml,219,344,316,351
./images\car-wbs-KA03MG2784_00000.xml,130,464,169,237
./images\car-wbs-KA03NA8385_00000.xml,86,183,141,163
./images\car-wbs-KA04MN3622_00000.xml,197,370,375,413
./images\car-wbs-KA05MG1909_00000.xml,95,295,101,190
./images\car-wbs-KA18P2987_00000.xml,1306,1801,1705,1868
./images\car-wbs-KA29Z999_00000.xml,148,338,222,265
./images\car-wbs-KA51MJ8156_00000.xml,115,254,285,320
./images\car-wbs-KL01AX8000_00000.xml,144,302,159,202
./images\car-wbs-KL01CA2555_00000.xml,231,418,122,179
./images\car-wbs-KL01CC50_00000.xml,231,434,81,155
./images\car-wbs-KL01KL0KL01_00000.xml,57,220,201,276
./images\car-wbs-KL04AL4405_00000.xml,144,340,168,210
./images\car-wbs-KL05AK3300_00000.xml,337,453,314,347
./images\car-wbs-KL07CB8599_00000.xml,213,332,139,167
./images\car-wbs-KL10AV6342_00000.xml,142,336,253,304
./images\car-wbs-KL10AV6342_00001.xml,118,643,216,413
./images\car-wbs-KL10AV6633_00000.xml,311,670,429,533
./images\car-wbs-KL10AW2111_00000.xml,186,336,189,228
./images\car-wbs-KL10AW2814_00000.xml,304,673,263,347
./images\car-wbs-KL10AW2814_00001.xml,108,421,186,262
./images\car-wbs-KL12G7531_00000.xml,663,887,239,300
./images\car-wbs-KL16J3636_00000.xml,160,324,67,108
./images\car-wbs-KL20K7561_00000.xml,168,324,162,205
./images\car-wbs-KL43B2344_00000.xml,162,341,72,116
./images\car-wbs-KL454455_00000.xml,126,263,7,56
./images\car-wbs-KL53E964_00000.xml,258,484,389,462
./images\car-wbs-KL54A2670_00000.xml,63,159,87,113
./images\car-wbs-KL54H369_00000.xml,294,546,485,546
./images\car-wbs-KL55R2473_00000.xml,137,334,157,205
./images\car-wbs-KL60N5344_00000.xml,16,151,145,177
./images\car-wbs-KL60N5344_00001.xml,178,313,235,267
./images\car-wbs-KL65H4383_00000.xml,256,696,235,340
./images\car-wbs-MH01AE8017_00000.xml,16,434,22,174
./images\car-wbs-MH01AR5274_00000.xml,96,199,96,121
./images\car-wbs-MH01AV8866_00000.xml,144,252,181,203
./images\car-wbs-MH01BU5207_00000.xml,148,382,150,211
./images\car-wbs-MH01DE2780_00000.xml,480,629,206,253
./images\car-wbs-MH02BM5048_00000.xml,162,316,60,100
./images\car-wbs-MH02CB4545_00000.xml,86,257,199,259
./images\car-wbs-MH03AR5549_00000.xml,1298,4000,712,1612
./images\car-wbs-MH03BS7778_00000.xml,136,389,103,170
./images\car-wbs-MH03BS7778_00001.xml,300,554,313,383
./images\car-wbs-MH03BS7778_00002.xml,255,472,421,466
./images\car-wbs-MH03CB6467_00000.xml,82,230,237,270
./images\car-wbs-MH04DW8351_00000.xml,129,277,177,213
./images\car-wbs-MH06AW8929_00000.xml,28,161,174,231
./images\car-wbs-MH06AW8929_00001.xml,192,364,131,179
./images\car-wbs-MH12BG7237_00000.xml,54,208,77,112
./images\car-wbs-MH12DE1433_00000.xml,157,286,139,185
./images\car-wbs-MH12DE1433_00001.xml,168,905,128,314
./images\car-wbs-MH12FU1014_00000.xml,88,192,184,214
./images\car-wbs-MH12JC2813_00000.xml,136,343,157,205
./images\car-wbs-MH12NE8922_00000.xml,49,176,124,161
./images\car-wbs-MH14DT8831_00000.xml,30,345,30,109
./images\car-wbs-MH14DX9937_00000.xml,226,322,168,205
./images\car-wbs-MH14EH5819_00000.xml,298,403,195,226
./images\car-wbs-MH14EH7958_00000.xml,229,409,331,373
./images\car-wbs-MH14EH7958_00001.xml,78,248,74,112
./images\car-wbs-MH14EP4660_00000.xml,103,221,174,204
./images\car-wbs-MH14EU3498_00000.xml,63,276,94,146
./images\car-wbs-MH15BD8877_00000.xml,97,201,181,209
./images\car-wbs-MH20BN3525_00000.xml,112,286,199,239
./images\car-wbs-MH20BN3525_00001.xml,163,364,238,284
./images\car-wbs-MH20BQ20_00000.xml,144,322,113,162
./images\car-wbs-MH20BY3665_00000.xml,185,323,115,147
./images\car-wbs-MH20BY3665_00001.xml,43,179,14,43
./images\car-wbs-MH20BY4465_00000.xml,62,138,130,154
./images\car-wbs-MH20CS1938_00000.xml,115,176,135,155
./images\car-wbs-MH20CS1941_00000.xml,111,226,183,209
./images\car-wbs-MH20CS1941_00001.xml,214,425,124,167
./images\car-wbs-MH20CS4946_00000.xml,167,276,175,198
./images\car-wbs-MH20CS9817_00000.xml,68,252,85,128
./images\car-wbs-MH20DJ0419_00000.xml,34,174,155,198
./images\car-wbs-MH20DV2362_00000.xml,23,208,144,174
./images\car-wbs-MH20EE045_00000.xml,170,305,115,148
./images\car-wbs-MH20EE0943_00000.xml,104,231,279,312
./images\car-wbs-MH20EE7597_00000.xml,523,1775,983,1280
./images\car-wbs-MH20EE7598_00000.xml,127,279,160,208
./images\car-wbs-MH20EE7598_00001.xml,59,212,237,274
./images\car-wbs-MH20EJ0364_00000.xml,53,205,152,192
./images\car-wbs-MH21V9926_00000.xml,101,223,357,386
./images\car-wbs-MH43AF5037_00000.xml,196,320,177,218
./images\car-wbs-MH43BU2401_00000.xml,585,756,191,239
./images\car-wbs-MH46BV0688_00000.xml,347,655,386,450
./images\car-wbs-MH46X9996_00000.xml,126,265,317,353
./images\car-wbs-PB08CX2959_00000.xml,95,310,420,475
./images\car-wbs-RJ02CC0784_00000.xml,70,166,262,284
./images\car-wbs-TN07BU5427_00000.xml,18,202,230,275
./images\car-wbs-TN07BU5427_00001.xml,123,373,518,578
./images\car-wbs-TN07BV5200_00000.xml,66,238,360,406
./images\car-wbs-TN09CH7770_00000.xml,120,235,19,54
./images\car-wbs-TN19S4523_00000.xml,152,214,181,194
./images\car-wbs-TN21AT0479_00000.xml,225,301,312,337
./images\car-wbs-TN21AT0480_00000.xml,186,390,321,373
./images\car-wbs-TN21AT0480_00001.xml,102,239,323,371
./images\car-wbs-TN21AT0492_00000.xml,420,590,324,414
./images\car-wbs-TN21AU1153_00000.xml,65,136,216,244
./images\car-wbs-TN21BC6225_00000.xml,42,146,120,146
./images\car-wbs-TN21BY0166_00000.xml,98,147,102,132
./images\car-wbs-TN21BZ0768_00000.xml,117,190,204,229
./images\car-wbs-TN21BZ0768_00001.xml,79,121,116,128
./images\car-wbs-TN28BA9999_00000.xml,188,375,422,464
./images\car-wbs-TN37CR4019_00000.xml,101,295,270,362
./images\car-wbs-TN38BW1139_00000.xml,41,305,134,200
./images\car-wbs-TN38BY4191_00000.xml,97,228,226,258
./images\car-wbs-TN42R2697_00000.xml,7,526,79,187
./images\car-wbs-TN45BA1065_00000.xml,94,194,85,109
./images\car-wbs-TN52U1580_00000.xml,40,252,241,295
./images\car-wbs-TN58AM1_00000.xml,170,372,390,441
./images\car-wbs-TN59BE0939_00000.xml,209,325,463,487
./images\car-wbs-TN66U8215_00000.xml,52,401,89,176
./images\car-wbs-TN74AH1413_00000.xml,41,149,224,251
./images\car-wbs-TN74AL5074_00000.xml,179,375,116,184
./images\car-wbs-TN74F3339_00000.xml,231,310,187,212
./images\car-wbs-TN99F2378_00000.xml,83,242,25,64
./images\car-wbs-TS08ER1643_00000.xml,1,466,27,147
./images\car-wbs-UP16CT2233_00000.xml,180,343,586,619
./images\car-wbs-UP32FH2653_00000.xml,311,442,304,357
./images\car-wbs-UP50AS4535_00000.xml,397,613,428,489
./images\car-wbs-WB74X7605_00000.xml,84,165,122,160
./images\car-ybs-MH43BP8173_00000.xml,181,329,351,399
./images\car-ybs-MH46AD5258_00000.xml,203,341,160,199
./images\car-ybs-MH46AD5258_00001.xml,155,302,154,195
./images\car-ybs-MH46BF2342_00000.xml,184,411,115,176
./images\car-ybs-MH47N4570_00000.xml,155,311,239,285
./images\car-ybs-MH47N4570_00001.xml,229,477,326,398
./images\car-ybs-MH47N4570_00002.xml,218,469,332,403
./images\cbd81ff4-fc2a-4cd5-bed6-0fef4c456caa___226616d1495986750-zoomcar-review-mahindra-scorpio-s4-09-pamban.jpg.xml,807,1088,748,846
./images\cc80e5c6-2cb7-40f7-a072-3f4cb5a56c65___Dileep_Car_Innova_1.jpg.xml,424,896,762,937
./images\cd506968-8676-4df3-9150-d1c2e618f4c2___3e7fd381-0ae5-4421-8a70-279ee0ec1c61_nissan-note-india-testing_827x510_81508219864.xml,345,578,269,328
./images\cf011553-f802-4b11-99ec-6e03d731b646___new_2014-VW-Polo-facelift-spied-India-rear.jpg.xml,197,375,320,357
./images\CG1.xml,102,192,262,283
./images\CG10.xml,74,178,372,395
./images\CG11.xml,133,189,173,184
./images\CG12.xml,84,180,260,281
./images\CG13.xml,92,177,245,267
./images\CG14.xml,91,138,136,145
./images\CG15.xml,109,166,130,142
./images\CG16.xml,90,137,128,139
./images\CG17.xml,103,155,122,135
./images\CG18.xml,111,212,247,288
./images\CG19.xml,106,170,205,220
./images\CG20.xml,73,136,126,140
./images\CG21.xml,106,165,156,169
./images\CG22.xml,94,173,237,255
./images\CG4.xml,104,175,140,153
./images\CG6.xml,116,161,118,129
./images\CG7.xml,76,165,372,390
./images\CG8.xml,90,181,171,194
./images\CG9.xml,86,182,196,220
./images\CH1.xml,34,69,132,145
./images\CH10.xml,81,175,301,321
./images\CH2.xml,109,189,140,160
./images\CH3.xml,55,144,270,291
./images\CH4.xml,96,192,192,218
./images\CH5.xml,112,178,171,185
./images\CH6.xml,108,178,149,166
./images\CH7.xml,96,204,160,186
./images\CH8.xml,59,140,184,201
./images\CH9.xml,108,162,105,118
./images\d1115e64-987f-4a72-b9bb-853f67ca37b6___new_2014-Volkswagen-Polo-Review.jpg.xml,159,329,259,297
./images\d16041c1-831d-4cc9-8869-68be8b6e12d7___slider-new-2.jpg.xml,809,1031,240,301
./images\d3d2cbaa-f24a-4cb7-a236-53fa514816b4___new_2017-Skoda-Rapid-Diesel-DSG-Review-6.jpg.xml,244,378,114,149
./images\d4bec046-caac-4e59-bd05-44de2232d83b___2017-Skoda-Octavia-Front.jpg.xml,215,345,148,192
./images\d5ddd1e6-56ca-4991-994e-cb78fe836a47___3e7fd381-0ae5-4421-8a70-279ee0ec1c61_2013-Nissan-Terrano-Review.xml,451,592,343,391
./images\d779f6f0-5731-48ed-bd43-836a3f7f2013___product-500x5000.xml,230,418,121,179
./images\d88b7b9c-a4f4-4af6-af3d-b3017e114e0d___146292-maruti-suzuki-wagon-r-stingray-vxi-ownership-review-dsc_01691.jpg.xml,169,416,210,267
./images\d9023f53-f90d-4b98-bd52-30796777ddcf___Maruti-Suzuki-Baleno-hatchback-56545.jpg.xml,224,307,156,182
./images\db4f467d-2d9e-4567-ab68-fce4a8689562___maxresdefault7.jpg.xml,1023,1263,605,678
./images\dc8bb609-7086-431b-9c8b-9520975dabd2___822716205_6_1080x720_maruti-suzuki-ciaz-make-year-2014-petrol-.jpg.xml,214,331,134,167
./images\dd58e02d-51a5-4bfd-87af-ff51c576086e___2014-mahindra-scorpio-suv-10.jpg.xml,645,840,456,548
./images\df2f7a76-d701-468f-b54a-c5d63d13b349___CM-Akhilesh-Number-Plate.jpg.xml,308,567,196,272
./images\dfafd4ef-5592-41d9-9cbb-fa6a4e03831e___IMG_9082.jpg.xml,202,609,88,183
./images\dfebb432-82cd-4154-b919-0d8be2c0d85a___5e4697c6f639f3f341b2feb170d72795af3fc998.jpg.xml,142,320,197,249
./images\DL1.xml,89,176,235,255
./images\DL10.xml,98,161,215,228
./images\DL11.xml,90,180,219,241
./images\DL12.xml,101,185,229,251
./images\DL13.xml,94,175,235,254
./images\DL14.xml,89,165,217,235
./images\DL15.xml,164,226,162,189
./images\DL16.xml,91,167,227,244
./images\DL18.xml,98,167,217,233
./images\DL19.xml,102,181,162,177
./images\DL2.xml,96,171,114,131
./images\DL20.xml,107,175,115,130
./images\DL21.xml,95,185,242,260
./images\DL22.xml,104,168,230,245
./images\DL23.xml,75,186,256,287
./images\DL24.xml,94,178,237,253
./images\DL25.xml,123,183,148,169
./images\DL26.xml,90,193,285,308
./images\DL27.xml,93,192,373,401
./images\DL28.xml,103,170,259,277
./images\DL29.xml,103,177,276,300
./images\DL3.xml,118,190,290,307
./images\DL30.xml,169,221,207,229
./images\DL31.xml,202,248,226,245
./images\DL32.xml,114,167,151,164
./images\DL33.xml,94,168,272,291
./images\DL34.xml,159,213,144,173
./images\DL35.xml,78,155,306,324
./images\DL38.xml,101,166,145,160
./images\DL4.xml,90,171,228,246
./images\DL5.xml,80,182,278,300
./images\DL6.xml,90,178,201,222
./images\DL7.xml,98,170,214,230
./images\DL8.xml,118,176,147,161
./images\DL9.xml,94,147,96,108
./images\DN1.xml,95,174,208,225
./images\DN2.xml,102,148,107,116
./images\DN3.xml,71,189,247,274
./images\DN4.xml,91,182,206,228
./images\DN5.xml,77,178,302,323
./images\DN6.xml,74,130,70,83
./images\DN7.xml,106,179,362,381
./images\DN8.xml,55,133,268,291
./images\e1d7921f-5e58-46c7-b4f9-9fd4585508f1___IMG_9072.jpg.xml,444,640,262,346
./images\e204c50d-b861-4f68-827f-575351d150b4___Maruti-Baleno-RS-4.jpg.xml,24,143,208,247
./images\e29b6eea-504a-4da2-8503-5bd3443f3bd8___maruti-suzuki-wagon-r-front-left-rim.jpg.xml,119,185,104,131
./images\e354039f-d73c-4f12-9df5-f0129345fa79___scorpio.JPG.xml,152,252,194,218
./images\e4907f73-1fbc-412c-a766-9c81bb31449c___2016-Chevrolet-TrailBlazer-India-Test-Drive-Review-e1442832290349.jpg.xml,62,175,299,334
./images\e53076d3-c3b7-47b8-8c63-30a08b8ad983___40213__Maruti_Suzuki_Swift--016.JPG.xml,160,331,260,300
./images\e54fb93b-020f-4c55-b4db-86e17ba9b9e0___2014-VW-Polo-facelift-rear-spotted-testing-in-Pune-India.jpg.xml,135,195,206,224
./images\e663fa35-ce3c-401d-8451-30edd236b3e4___maxresdefault2.jpg.xml,374,753,266,442
./images\e706cec0-783a-42bc-b934-64788481cd92___4-Innova-After-2.jpg.xml,175,323,177,212
./images\e719f39b-e8dd-4fe0-9a41-71123932a486___226676869_4_1000x700_maruti-suzuki-wagon-r-duo-petrol-120000-kms-2007-year-cars_rev001.jpg.xml,134,277,215,253
./images\e77e5db3-2bc6-4223-a258-2334256be65e___new_205356-maruti-swift-torque-blue-vdi-ddis-glistening-rockstar-enters-home-img_7531.jpg.xml,115,376,133,199
./images\e7a86597-7251-4e9b-9469-cd873fe6736f___Honda-Jazz-Number-Plates-Designs.jpg.xml,180,432,127,252
./images\ec4bde57-11dd-4d59-96ae-b5d3b28afda5___Maruti-Suzuki-Celerio-Back-Number-Plates-Design.jpg.xml,110,418,190,261
./images\ed6ee171-691a-4563-a79d-4f47d8ce9f85___Maruti-Suzuki-SCross-Exterior-80675.jpg.xml,124,400,270,331
./images\ed9cd3b2-76a2-4cc8-9e4e-76d50ad1ff68___maruti-suzuki-wagon-r-hood-open-view.jpg.xml,122,226,265,290
./images\ef2dc97f-bc6d-49a3-9ddb-03f54f3a20e7___Skoda-Rapid-new-Exterior-84398.jpg.xml,211,339,278,309
./images\f16274c4-0d3d-4c85-9dcc-5ac71734b281___speedex-number-plates-nandanam-chennai-car-number-plate-dealers-1ofla74.jpg.xml,176,564,214,322
./images\f20708c6-14cd-46ff-b8f1-6faef5fd8d2d___3e7fd381-0ae5-4421-8a70-279ee0ec1c61_Nissan-Terrano-20346.xml,153,412,230,296
./images\f265077a-611f-4a18-abe5-46518b1756e6___1232700-take-look-number-plate-uploadfromtaptalk1398055489406.jpg.xml,357,495,375,432
./images\f59d42f8-dc55-4b60-bb91-c2db3644f2ff___841309873_1_1080x720_mahindra-scorpio-vlx-airbags-bs-iii-2012-diesel-.jpg.xml,387,592,395,442
./images\f5bbb8da-dddd-47ae-a46c-15492f9cf752___3e7fd381-0ae5-4421-8a70-279ee0ec1c61_10187746544_0c0822790e - Copy.xml,104,155,185,197
./images\f5bbb8da-dddd-47ae-a46c-15492f9cf752___3e7fd381-0ae5-4421-8a70-279ee0ec1c61_10187746544_0c0822790e.xml,113,135,205,220
./images\f685e6cf-3a12-42ac-94d7-28cdf129b266___maxresdefault1.jpg.xml,18,415,19,488
./images\f7621229-eebc-4dff-aef8-e79fac571be4___Skoda-Octavia-5.jpg.xml,185,247,209,231
./images\f7ba7a93-e8d7-4253-b327-d87e3f2bb747___3e7fd381-0ae5-4421-8a70-279ee0ec1c61_2013-Nissan-Terrano-Rear.xml,637,793,308,365
./images\f8a992cc-a1cc-4d68-88c1-bec1a46fc148___Honda-City-Number-Plates-Design.jpg.xml,181,385,359,413
./images\f9e27b82-9e65-44ba-bf9a-b3ced8901937___Skoda-Superb-Exterior-deadfront-69204.jpg.xml,202,389,191,225
./images\fac9f4e6-c4b9-4872-86da-79d58ea2adc5___5273.jpg - Copy.xml,94,172,219,236
./images\fac9f4e6-c4b9-4872-86da-79d58ea2adc5___5273.jpg.xml,137,211,152,173
./images\fb939bb1-5257-4879-bafb-539472ffb73d___Maruti-Suzuki-Brezza-Number-Plates-Design.jpg.xml,187,336,214,253
./images\fbb2b3ed-4db1-4d4c-8d4d-4b80b02bfd2a___3e7fd381-0ae5-4421-8a70-279ee0ec1c61_01640f5edbbfb564a9ab6486b31d1554_large.xml,98,148,106,119
./images\fbc107b7-13d8-4a2d-b8be-7c96bd7d609c___new_9214a754343030395508e104d7948167_large.jpg.xml,107,280,347,387
./images\fc1f58f0-2f54-4545-8915-2936d08dcce1___new_Skoda_Laura_DSG_Long_Term_Review-125.jpg.xml,179,352,235,274
./images\fcabfaf7-160a-44bc-a543-9faee4c1c4cd___Honda-Jazz-Front-Number-Plates-Designs.jpg.xml,57,600,82,187
./images\fd0140cc-e887-43b8-a439-24877ea77670___Maruti-Suzuki-Baleno-Number-Plates-Design.jpg.xml,150,370,131,189
./images\fe3c95e4-7bd4-40f5-98a9-9fc635957d9c___3e7fd381-0ae5-4421-8a70-279ee0ec1c61_Baleno-Number-Plates-Design.xml,312,670,431,535
./images\GA1.xml,129,177,207,224
./images\GA10.xml,86,157,170,203
./images\GA11.xml,46,95,330,359
./images\GA12.xml,99,170,185,205
./images\GA13.xml,163,217,153,171
./images\GA2.xml,99,200,299,328
./images\GA3.xml,106,164,274,287
./images\GA4.xml,119,227,252,307
./images\GA5.xml,100,187,155,172
./images\GA6.xml,95,185,343,362
./images\GA7.xml,46,104,109,127
./images\GA8.xml,141,208,57,92
./images\GA9.xml,93,167,251,269
./images\GJ1.xml,42,106,286,321
./images\GJ10.xml,117,164,149,160
./images\GJ11.xml,90,196,241,273
./images\GJ12.xml,101,173,136,154
./images\GJ13.xml,94,180,143,163
./images\GJ14.xml,100,171,151,165
./images\GJ15.xml,104,164,148,163
./images\GJ16.xml,105,177,149,165
./images\GJ17.xml,101,182,146,164
./images\GJ18.xml,107,176,150,165
./images\GJ2.xml,89,176,185,210
./images\GJ20.xml,122,182,123,138
./images\GJ21.xml,94,176,193,212
./images\GJ22.xml,113,177,116,130
./images\GJ23.xml,116,175,117,130
./images\GJ24.xml,102,172,348,365
./images\GJ25.xml,108,167,135,151
./images\GJ26.xml,84,179,263,283
./images\GJ27.xml,107,160,144,157
./images\GJ28.xml,121,183,136,163
./images\GJ29.xml,105,165,140,153
./images\GJ4.xml,103,178,251,271
./images\GJ5.xml,92,174,267,285
./images\GJ6.xml,95,177,150,168
./images\GJ7.xml,110,187,134,151
./images\GJ8.xml,98,172,148,164
./images\GJ9.xml,90,173,189,206
./images\HP1.xml,121,178,230,242
./images\HP10.xml,102,165,352,368
./images\HP11.xml,102,173,130,144
./images\HP12.xml,77,145,250,291
./images\HP13.xml,54,185,354,385
./images\HP14.xml,98,199,256,271
./images\HP15.xml,111,170,156,169
./images\HP16.xml,81,131,124,137
./images\HP17.xml,79,176,245,265
./images\HP18.xml,140,183,283,293
./images\HP19.xml,105,167,183,197
./images\HP2.xml,113,231,295,317
./images\HP20.xml,44,98,158,175
./images\HP21.xml,76,169,290,327
./images\HP22.xml,85,157,198,215
./images\HP3.xml,80,167,278,303
./images\HP4.xml,60,132,227,246
./images\HP5.xml,89,175,187,205
./images\HP6.xml,30,74,97,111
./images\HP7.xml,70,158,283,310
./images\HP8.xml,104,178,166,188
./images\HP9.xml,86,160,194,218
./images\HR1.xml,101,181,273,289
./images\HR10.xml,93,184,123,144
./images\HR11.xml,95,196,250,273
./images\HR12.xml,149,198,275,294
./images\HR13.xml,101,180,245,265
./images\HR14.xml,84,185,266,289
./images\HR15.xml,94,157,221,239
./images\HR16.xml,140,224,264,295
./images\HR17.xml,91,180,282,306
./images\HR18.xml,96,164,333,352
./images\HR19.xml,100,167,147,161
./images\HR2.xml,109,184,137,153
./images\HR20.xml,101,190,238,254
./images\HR21.xml,95,165,109,123
./images\HR22.xml,74,136,215,233
./images\HR3.xml,104,180,136,154
./images\HR4.xml,98,186,217,241
./images\HR5.xml,93,165,140,156
./images\HR6.xml,102,172,266,282
./images\HR7.xml,112,171,120,135
./images\HR8.xml,95,186,288,309
./images\HR9.xml,104,168,210,224
./images\img1.xml,184,292,572,648
./images\img10.xml,155,372,92,147
./images\img11.xml,141,349,512,611
./images\img12.xml,1,702,46,401
./images\img13.xml,710,774,345,374
./images\img14.xml,155,338,195,249
./images\img15.xml,346,569,182,307
./images\img16.xml,138,436,54,163
./images\img17.xml,1,300,81,160
./images\img18.xml,85,256,387,449
./images\img19.xml,285,490,322,375
./images\img2.xml,189,329,321,353
./images\img20.xml,314,569,313,400
./images\img21.xml,102,168,138,159
./images\img22.xml,252,401,310,344
./images\img23.xml,401,584,426,470
./images\img24.xml,179,300,210,239
./images\img25.xml,341,490,242,288
./images\img26.xml,108,261,235,276
./images\img27.xml,18,89,246,312
./images\img28.xml,80,369,7,278
./images\img29.xml,162,281,235,266
./images\img3.xml,101,242,323,374
./images\img30.xml,198,440,233,293
./images\img31.xml,72,161,145,175
./images\img32.xml,166,281,101,134
./images\img33.xml,206,351,167,288
./images\img34.xml,158,365,204,254
./images\img35.xml,28,342,29,106
./images\img36.xml,54,599,79,189
./images\img37.xml,259,729,200,347
./images\img38.xml,148,380,214,270
./images\img39.xml,231,431,252,308
./images\img4.xml,384,489,213,247
./images\img40.xml,606,793,392,469
./images\img41.xml,231,359,188,215
./images\img42.xml,352,551,292,447
./images\img43.xml,463,558,289,345
./images\img44.xml,328,578,202,252
./images\img45.xml,208,407,156,207
./images\img46.xml,329,856,219,410
./images\img47.xml,143,315,164,203
./images\img48.xml,138,348,249,301
./images\img49.xml,155,286,194,232
./images\img5.xml,421,500,308,338
./images\img50.xml,646,734,329,389
./images\img51.xml,145,368,99,154
./images\img52.xml,327,399,202,227
./images\img53.xml,113,255,283,323
./images\img54.xml,152,285,165,242
./images\img55.xml,115,286,158,249
./images\img56.xml,333,856,215,411
./images\img57.xml,24,58,97,120
./images\img58.xml,82,146,181,224
./images\img59.xml,144,342,166,212
./images\img6.xml,185,324,114,148
./images\img60.xml,98,297,267,365
./images\img61.xml,166,325,277,328
./images\img62.xml,44,109,207,259
./images\img63.xml,591,695,292,340
./images\img64.xml,91,229,327,401
./images\img65.xml,116,182,282,320
./images\img66.xml,310,409,340,365
./images\img67.xml,130,304,305,354
./images\img68.xml,267,500,511,574
./images\img69.xml,198,355,135,177
./images\img7.xml,198,369,373,416
./images\img70.xml,102,210,152,186
./images\img71.xml,251,370,198,227
./images\img72.xml,219,345,315,353
./images\img73.xml,156,324,240,280
./images\img74.xml,131,355,438,489
./images\img75.xml,103,166,181,198
./images\img76.xml,174,289,228,252
./images\img77.xml,289,447,217,257
./images\img78.xml,231,434,82,156
./images\img79.xml,134,252,259,299
./images\img8.xml,233,322,225,258
./images\img80.xml,341,602,948,1014
./images\img81.xml,142,316,148,230
./images\img82.xml,582,699,280,315
./images\img9.xml,314,377,108,144
./images\JH1.xml,77,225,328,356
./images\JH10.xml,123,173,289,304
./images\JH11.xml,141,202,300,315
./images\JH12.xml,78,165,306,332
./images\JH13.xml,108,181,231,247
./images\JH14.xml,100,182,276,293
./images\JH15.xml,92,178,127,146
./images\JH16.xml,65,170,313,347
./images\JH17.xml,108,161,143,155
./images\JH18.xml,121,169,278,293
./images\JH19.xml,109,191,77,94
./images\JH2.xml,97,180,268,284
./images\JH3.xml,108,167,131,145
./images\JH5.xml,170,227,139,166
./images\JH6.xml,87,139,151,163
./images\JH7.xml,113,167,81,93
./images\JH8.xml,102,173,267,281
./images\JH9.xml,114,169,140,153
./images\JK1.xml,101,185,209,231
./images\JK10.xml,108,187,168,187
./images\JK11.xml,94,164,340,358
./images\JK12.xml,106,180,241,259
./images\JK13.xml,88,185,176,196
./images\JK14.xml,75,179,372,395
./images\JK15.xml,93,168,183,199
./images\JK16.xml,79,196,236,260
./images\JK17.xml,67,180,269,293
./images\JK18.xml,96,164,359,377
./images\JK19.xml,138,203,174,214
./images\JK2.xml,82,191,143,173
./images\JK20.xml,3,70,217,251
./images\JK22.xml,99,155,135,150
./images\JK23.xml,76,159,194,218
./images\JK24.xml,105,179,242,257
./images\JK26.xml,129,214,256,285
./images\JK27.xml,163,243,227,262
./images\JK28.xml,143,219,254,291
./images\JK29.xml,70,172,333,358
./images\JK3.xml,104,171,169,185
./images\JK30.xml,24,78,185,199
./images\JK31.xml,105,159,142,153
./images\JK32.xml,163,211,199,219
./images\JK34.xml,128,199,270,294
./images\JK35.xml,96,173,259,276
./images\JK36.xml,137,203,286,322
./images\JK4.xml,55,145,296,335
./images\JK5.xml,83,167,330,352
./images\JK6.xml,158,220,245,275
./images\JK7.xml,142,218,233,253
./images\JK8.xml,100,183,253,270
./images\JK9.xml,79,159,221,240
./images\KA1.xml,100,167,159,177
./images\KA10.xml,98,172,165,184
./images\KA11.xml,101,167,151,165
./images\KA12.xml,98,169,111,128
./images\KA16.xml,93,182,183,200
./images\KA17.xml,116,182,231,246
./images\KA18.xml,105,154,128,138
./images\KA19.xml,101,167,158,176
./images\KA2.xml,108,170,133,148
./images\KA20.xml,77,169,281,302
./images\KA21.xml,105,174,319,337
./images\KA23.xml,106,158,238,249
./images\KA24.xml,140,209,156,176
./images\KA25.xml,65,178,344,370
./images\KA3.xml,70,144,236,261
./images\KA4.xml,65,177,344,370
./images\KA5.xml,108,169,130,144
./images\KA7.xml,128,167,154,162
./images\KA8.xml,113,192,162,180
./images\KA9.xml,100,168,261,275
./images\KL10.xml,58,130,201,230
./images\KL11.xml,92,179,242,261
./images\KL14.xml,154,223,224,261
./images\KL15.xml,141,223,225,259
./images\KL16.xml,95,179,222,242
./images\KL19.xml,104,155,120,131
./images\KL3.xml,39,87,216,243
./images\KL4.xml,86,161,232,248
./images\KL5.xml,100,162,158,171
./images\KL6.xml,91,169,229,244
./images\KL7.xml,113,162,134,146
./images\KL8.xml,124,200,207,223
./images\KL9.xml,104,181,188,201
./images\LA1.xml,79,144,183,203
./images\MH1.xml,98,178,126,145
./images\MH10.xml,90,182,307,325
./images\MH11.xml,110,159,192,202
./images\MH12.xml,87,189,287,305
./images\MH13.xml,103,176,331,349
./images\MH14.xml,94,183,222,239
./images\MH15.xml,68,170,232,258
./images\MH16.xml,106,171,245,264
./images\MH17.xml,106,170,340,357
./images\MH18.xml,104,165,319,336
./images\MH19.xml,96,183,323,347
./images\MH2.xml,93,157,165,179
./images\MH20.xml,101,179,233,249
./images\MH21.xml,99,186,367,389
./images\MH22.xml,106,150,83,93
./images\MH23.xml,108,164,145,157
./images\MH24.xml,90,178,173,190
./images\MH25.xml,89,178,264,284
./images\MH26.xml,100,171,212,228
./images\MH3.xml,103,168,234,249
./images\MH4.xml,92,176,190,207
./images\MH5.xml,101,160,145,159
./images\MH6.xml,111,173,225,240
./images\MH7.xml,94,184,221,237
./images\MH8.xml,103,172,151,172
./images\ML1.xml,93,165,65,82
./images\ML10.xml,126,178,152,164
./images\ML11.xml,46,115,77,106
./images\ML12.xml,105,182,163,181
./images\ML13.xml,97,180,319,335
./images\ML14.xml,135,205,17,37
./images\ML15.xml,88,188,282,306
./images\ML16.xml,25,76,87,115
./images\ML17.xml,104,176,241,258
./images\ML18.xml,69,163,417,444
./images\ML19.xml,104,188,298,319
./images\ML2.xml,89,189,247,265
./images\ML20.xml,128,206,252,272
./images\ML21.xml,103,174,210,227
./images\ML22.xml,106,163,196,211
./images\ML23.xml,83,180,201,222
./images\ML24.xml,109,163,116,130
./images\ML25.xml,105,176,204,221
./images\ML26.xml,93,171,249,271
./images\ML27.xml,115,179,210,226
./images\ML28.xml,72,158,234,255
./images\ML29.xml,111,189,71,87
./images\ML30.xml,49,106,222,236
./images\ML31.xml,58,179,132,151
./images\ML32.xml,94,174,346,364
./images\ML33.xml,86,169,277,299
./images\ML34.xml,103,181,153,170
./images\ML35.xml,123,191,225,242
./images\ML36.xml,116,176,225,244
./images\ML37.xml,112,155,91,103
./images\ML38.xml,97,202,269,298
./images\ML39.xml,128,198,118,136
./images\ML5.xml,103,158,221,234
./images\ML7.xml,80,171,232,257
./images\ML8.xml,189,260,233,274
./images\MN2.xml,109,174,256,270
./images\MN3.xml,81,150,175,191
./images\MN4.xml,103,159,9,22
./images\MN5.xml,113,181,162,178
./images\MN6.xml,85,157,243,261
./images\MP1.xml,90,171,269,287
./images\MP10.xml,95,184,265,284
./images\MP11.xml,92,186,201,228
./images\MP2.xml,39,99,126,142
./images\MP3.xml,93,167,206,223
./images\MP4.xml,99,158,199,213
./images\MP5.xml,101,171,230,244
./images\MP6.xml,91,178,239,256
./images\MP7.xml,97,181,230,253
./images\MP8.xml,92,174,182,206
./images\MP9.xml,189,248,216,248
./images\MZ1.xml,119,181,98,112
./images\NL2.xml,77,178,303,332
./images\NL3.xml,118,197,144,172
./images\NL4.xml,176,233,387,420
./images\NL5.xml,51,122,360,406
./images\NL6.xml,213,261,245,264
./images\NL7.xml,96,166,233,249
./images\NL8.xml,119,197,186,202
./images\NL9.xml,69,167,418,446
./images\OD10.xml,91,181,244,262
./images\OD11.xml,166,216,248,270
./images\OD12.xml,105,174,310,330
./images\OD13.xml,97,156,95,110
./images\OD14.xml,89,168,187,205
./images\OD15.xml,110,171,56,72
./images\OD16.xml,83,171,331,351
./images\OD17.xml,101,149,140,152
./images\OD18.xml,65,131,124,134
./images\OD19.xml,99,165,130,148
./images\OD20.xml,116,191,121,138
./images\OD22.xml,103,222,51,120
./images\OD23.xml,108,161,118,129
./images\OD24.xml,105,160,221,232
./images\OD25.xml,89,184,279,297
./images\OD26.xml,106,199,190,215
./images\OD27.xml,119,176,130,142
./images\OD3.xml,107,165,82,97
./images\OD4.xml,124,219,328,350
./images\OD5.xml,105,181,195,211
./images\OD6.xml,99,177,330,357
./images\OD9.xml,103,195,228,250
./images\PB1.xml,94,187,214,239
./images\PB10.xml,102,193,356,377
./images\PB11.xml,68,186,146,171
./images\PB12.xml,89,179,135,155
./images\PB13.xml,112,178,155,171
./images\PB14.xml,111,202,261,280
./images\PB15.xml,99,171,293,310
./images\PB17.xml,80,166,158,177
./images\PB18.xml,114,187,159,173
./images\PB19.xml,111,170,152,165
./images\PB2.xml,112,173,213,225
./images\PB20.xml,104,165,164,178
./images\PB21.xml,72,168,363,396
./images\PB22.xml,103,190,147,166
./images\PB23.xml,122,163,112,123
./images\PB24.xml,85,168,262,279
./images\PB25.xml,124,185,232,246
./images\PB26.xml,23,92,244,295
./images\PB27.xml,91,176,235,254
./images\PB29.xml,109,181,187,203
./images\PB30.xml,74,130,102,112
./images\PB4.xml,103,184,270,285
./images\PB5.xml,37,79,216,231
./images\PB6.xml,107,201,257,285
./images\PB7.xml,109,167,153,166
./images\PB8.xml,89,175,242,263
./images\PB9.xml,103,172,231,244
./images\PY1.xml,97,172,282,299
./images\PY10.xml,91,184,274,295
./images\PY12.xml,119,180,163,183
./images\PY13.xml,96,177,291,311
./images\PY14.xml,121,183,224,252
./images\PY15.xml,101,170,225,241
./images\PY16.xml,103,168,164,178
./images\PY17.xml,85,170,135,156
./images\PY18.xml,96,161,217,234
./images\PY2.xml,91,189,264,285
./images\PY3.xml,87,168,244,264
./images\PY4.xml,90,179,89,109
./images\PY5.xml,82,175,273,293
./images\PY6.xml,93,182,262,281
./images\PY7.xml,116,188,312,331
./images\PY8.xml,100,207,396,427
./images\PY9.xml,98,172,255,272
./images\RJ10.xml,98,175,277,295
./images\RJ2.xml,99,174,116,137
./images\RJ4.xml,87,183,250,272
./images\RJ5.xml,90,180,200,224
./images\RJ6.xml,154,229,261,295
./images\RJ7.xml,89,183,255,277
./images\RJ9.xml,101,171,261,275
./images\SK1.xml,100,172,142,159
./images\SK10.xml,69,127,191,205
./images\SK11.xml,90,161,293,308
./images\SK12.xml,63,144,290,325
./images\SK13.xml,107,172,124,140
./images\SK2.xml,94,171,233,254
./images\SK3.xml,104,183,237,256
./images\SK4.xml,190,247,274,306
./images\SK5.xml,105,173,418,431
./images\SK6.xml,99,177,259,278
./images\SK7.xml,68,129,245,274
./images\SK8.xml,34,96,187,222
./images\SK9.xml,96,190,306,326
./images\TN1.xml,107,162,222,238
./images\TN10.xml,79,184,242,264
./images\TN2.xml,101,171,283,299
./images\TN3.xml,88,184,306,330
./images\TN4.xml,93,173,149,168
./images\TN5.xml,108,190,341,360
./images\TN6.xml,99,191,88,110
./images\TN7.xml,98,183,232,249
./images\TN8.xml,87,171,71,93
./images\TN9.xml,88,169,279,297
./images\TR1.xml,83,163,94,110
./images\TR10.xml,93,185,329,348
./images\TR2.xml,80,178,274,296
./images\TR3.xml,143,208,228,246
./images\TR4.xml,102,164,148,163
./images\TR5.xml,83,185,393,417
./images\TR6.xml,105,152,93,104
./images\TR7.xml,154,198,106,137
./images\TR8.xml,106,164,36,57
./images\TR9.xml,88,171,313,337
./images\TS1.xml,89,183,267,287
./images\TS10.xml,84,182,300,322
./images\TS11.xml,135,197,223,248
./images\TS12.xml,87,186,343,363
./images\TS13.xml,88,198,233,261
./images\TS14.xml,86,160,279,296
./images\TS15.xml,89,165,156,170
./images\TS16.xml,9,92,318,417
./images\TS2.xml,112,172,232,247
./images\TS3.xml,103,172,234,253
./images\TS4.xml,109,172,208,224
./images\TS5.xml,106,173,232,246
./images\TS6.xml,110,155,145,156
./images\TS7.xml,100,178,229,247
./images\TS8.xml,92,179,339,360
./images\TS9.xml,94,144,67,79
./images\UK1.xml,91,167,217,236
./images\UK10.xml,78,168,250,269
./images\UK2.xml,30,155,415,470
./images\UK3.xml,92,175,306,326
./images\UK4.xml,89,180,348,368
./images\UK5.xml,108,176,144,158
./images\UK6.xml,111,188,274,291
./images\UK7.xml,87,158,180,194
./images\UK8.xml,95,169,213,229
./images\UK9.xml,96,173,334,353
./images\UP1.xml,100,197,170,197
./images\UP10.xml,99,184,277,289
./images\UP11.xml,92,169,260,275
./images\UP12.xml,101,175,286,303
./images\UP14.xml,77,159,301,332
./images\UP15.xml,74,176,333,360
./images\UP16.xml,75,152,295,320
./images\UP17.xml,91,179,231,252
./images\UP19.xml,108,187,214,234
./images\UP2.xml,94,174,176,194
./images\UP20.xml,102,174,151,168
./images\UP21.xml,101,192,286,317
./images\UP22.xml,106,186,280,294
./images\UP23.xml,96,165,184,198
./images\UP24.xml,76,161,254,273
./images\UP25.xml,76,187,302,340
./images\UP26.xml,48,103,199,214
./images\UP27.xml,97,165,252,274
./images\UP28.xml,94,176,247,266
./images\UP29.xml,80,167,309,329
./images\UP3.xml,91,174,145,165
./images\UP4.xml,169,266,347,384
./images\UP5.xml,99,167,282,300
./images\UP8.xml,172,239,224,254
./images\video10_1060.xml,181,312,171,206
./images\video10_1070.xml,197,357,262,301
./images\video10_1080.xml,632,841,341,400
./images\video10_110.xml,115,207,599,631
./images\video10_120.xml,94,201,620,658
./images\video10_1200.xml,698,1070,261,348
./images\video10_1210.xml,571,948,316,415
./images\video10_1220.xml,660,1039,508,599
./images\video10_1230.xml,716,1101,672,769
./images\video10_1240.xml,720,1104,564,656
./images\video10_1250.xml,670,1058,674,773
./images\video10_1260.xml,646,1036,594,694
./images\video10_1270.xml,558,956,521,619
./images\video10_1280.xml,377,782,515,618
./images\video10_1290.xml,146,558,534,639
./images\video10_130.xml,106,226,587,624
./images\video10_1390.xml,798,994,571,614
./images\video10_140.xml,188,325,302,344
./images\video10_1420.xml,107,341,496,564
./images\video10_150.xml,138,289,521,568
./images\video10_160.xml,160,333,356,412
./images\video10_170.xml,207,401,652,728
./images\video10_1700.xml,471,1190,421,611
./images\video10_1710.xml,37,934,197,427
./images\video10_180.xml,151,386,787,886
./images\video10_640.xml,184,286,178,210
./images\video10_650.xml,286,394,159,194
./images\video10_660.xml,228,341,164,201
./images\video10_670.xml,272,390,175,218
./images\video10_690.xml,746,1090,400,525
./images\video10_710.xml,675,1060,145,280
./images\video10_720.xml,793,1208,413,565
./images\video10_760.xml,502,663,349,392
./images\video10_770.xml,498,659,392,441
./images\video10_830.xml,7,672,374,527
./images\video10_850.xml,247,389,406,448
./images\video10_860.xml,556,688,311,351
./images\video10_870.xml,872,998,268,305
./images\video10_880.xml,669,787,201,237
./images\video10_890.xml,580,692,306,338
./images\video10_900.xml,571,679,192,221
./images\video10_910.xml,907,1010,542,576
./images\video10_920.xml,1000,1101,587,619
./images\video10_930.xml,408,503,626,658
./images\video10_940.xml,341,433,208,235
./images\video10_950.xml,355,447,190,219
./images\video10_960.xml,284,371,170,192
./images\video10_970.xml,346,430,177,200
./images\video10_980.xml,345,426,192,216
./images\video10_990.xml,249,327,133,156
./images\video11_1000.xml,266,646,568,676
./images\video11_1010.xml,309,685,557,666
./images\video11_1020.xml,298,674,556,658
./images\video11_1030.xml,281,651,583,685
./images\video11_1040.xml,280,650,604,707
./images\video11_1050.xml,298,671,608,720
./images\video11_1060.xml,279,649,574,677
./images\video11_1070.xml,248,622,530,635
./images\video11_1080.xml,305,677,476,590
./images\video11_1100.xml,317,685,424,537
./images\video11_1110.xml,311,686,493,612
./images\video11_1120.xml,392,768,540,662
./images\video11_1130.xml,197,577,524,639
./images\video11_1140.xml,274,647,498,598
./images\video11_1150.xml,268,640,487,582
./images\video11_1160.xml,272,645,470,575
./images\video11_1170.xml,101,249,417,479
./images\video11_1180.xml,90,233,455,526
./images\video11_1230.xml,266,628,486,605
./images\video11_1240.xml,957,1357,445,581
./images\video11_1250.xml,298,756,535,699
./images\video11_1270.xml,153,313,395,432
./images\video11_1280.xml,189,354,429,469
./images\video11_1290.xml,164,334,500,538
./images\video11_1300.xml,236,319,385,409
./images\video11_1310.xml,218,413,564,613
./images\video11_1320.xml,287,418,350,385
./images\video11_1330.xml,225,439,575,633
./images\video11_1340.xml,262,498,602,663
./images\video11_1350.xml,243,496,630,699
./images\video11_1360.xml,182,457,716,795
./images\video11_1440.xml,175,342,339,391
./images\video11_1560.xml,218,352,192,230
./images\video11_1570.xml,128,266,231,273
./images\video11_1580.xml,176,316,277,317
./images\video11_1590.xml,220,358,308,351
./images\video11_1600.xml,230,374,306,351
./images\video11_1610.xml,192,332,183,226
./images\video11_1620.xml,135,269,215,259
./images\video11_1630.xml,147,279,298,340
./images\video11_1640.xml,185,316,238,281
./images\video11_1650.xml,174,299,177,217
./images\video11_1660.xml,210,332,216,255
./images\video11_1670.xml,210,328,220,255
./images\video11_1680.xml,219,331,249,280
./images\video11_1690.xml,111,221,222,255
./images\video11_1840.xml,338,660,573,691
./images\video11_1850.xml,224,524,562,662
./images\video11_1860.xml,230,511,564,650
./images\video11_1870.xml,430,697,425,513
./images\video11_1880.xml,251,515,443,532
./images\video11_1890.xml,251,515,540,627
./images\video11_1900.xml,249,508,550,631
./images\video11_1910.xml,275,530,550,626
./images\video11_1920.xml,342,591,554,627
./images\video11_1930.xml,278,529,480,554
./images\video11_1940.xml,286,534,559,639
./images\video11_1980.xml,68,428,705,911
./images\video11_1990.xml,310,655,664,873
./images\video11_2000.xml,286,625,649,872
./images\video11_2010.xml,133,452,644,887
./images\video11_2040.xml,266,605,635,743
./images\video11_2050.xml,240,584,642,765
./images\video11_2060.xml,802,1171,636,761
./images\video11_2070.xml,475,861,641,781
./images\video11_2080.xml,144,551,676,817
./images\video11_210.xml,319,562,423,483
./images\video11_2180.xml,1127,1398,369,514
./images\video11_2190.xml,1198,1461,326,468
./images\video11_220.xml,386,684,603,673
./images\video11_2200.xml,1118,1379,356,496
./images\video11_2210.xml,975,1226,139,275
./images\video11_2220.xml,841,1083,183,324
./images\video11_2230.xml,222,456,99,240
./images\video11_2260.xml,168,416,192,338
./images\video11_2270.xml,133,412,147,309
./images\video11_2280.xml,190,483,137,315
./images\video11_2290.xml,599,884,190,371
./images\video11_2370.xml,115,244,155,238
./images\video11_2380.xml,289,423,58,132
./images\video11_2550.xml,194,442,185,358
./images\video11_2560.xml,298,530,216,354
./images\video11_2570.xml,234,449,158,291
./images\video11_2600.xml,198,438,137,206
./images\video11_2610.xml,216,466,195,269
./images\video11_2620.xml,227,495,311,389
./images\video11_2630.xml,245,541,398,488
./images\video11_2640.xml,139,297,205,248
./images\video11_2650.xml,129,297,190,238
./images\video11_2660.xml,174,353,172,222
./images\video11_2670.xml,185,378,112,164
./images\video11_2680.xml,158,371,178,239
./images\video11_2690.xml,202,435,259,327
./images\video11_2700.xml,191,449,249,331
./images\video11_2710.xml,226,514,302,395
./images\video11_2720.xml,173,498,316,423
./images\video11_2730.xml,174,541,298,412
./images\video11_2740.xml,169,574,216,346
./images\video11_2750.xml,255,691,256,406
./images\video11_2760.xml,226,693,213,387
./images\video11_2770.xml,438,926,360,540
./images\video11_2780.xml,675,1186,456,641
./images\video11_2790.xml,331,853,204,398
./images\video11_2800.xml,240,358,189,242
./images\video11_2810.xml,132,225,209,237
./images\video11_2820.xml,125,227,192,228
./images\video11_2830.xml,5,114,205,245
./images\video11_3250.xml,143,294,179,224
./images\video11_3260.xml,178,335,217,266
./images\video11_3280.xml,136,247,271,303
./images\video11_3290.xml,147,271,232,270
./images\video11_3300.xml,140,281,199,241
./images\video11_3310.xml,183,344,212,264
./images\video11_3320.xml,198,452,223,308
./images\video11_3330.xml,179,456,273,367
./images\video11_3340.xml,190,493,340,444
./images\video11_3350.xml,425,759,397,520
./images\video11_3630.xml,139,257,308,351
./images\video11_3640.xml,245,389,250,308
./images\video11_3660.xml,87,197,157,198
./images\video11_3680.xml,148,272,185,215
./images\video11_3690.xml,172,315,231,268
./images\video11_3700.xml,111,232,90,138
./images\video11_3710.xml,88,300,354,432
./images\video11_3720.xml,250,357,123,156
./images\video11_3730.xml,508,628,234,277
./images\video11_3750.xml,98,218,233,279
./images\video11_3830.xml,140,292,233,283
./images\video11_3840.xml,241,431,269,332
./images\video11_3870.xml,175,285,136,171
./images\video11_3880.xml,255,379,194,246
./images\video11_3910.xml,462,648,147,198
./images\video11_3920.xml,205,330,94,126
./images\video11_3930.xml,220,358,191,236
./images\video11_3940.xml,314,630,436,554
./images\video11_4010.xml,271,377,280,315
./images\video11_4020.xml,151,275,276,320
./images\video11_4030.xml,122,272,265,325
./images\video11_4060.xml,184,281,278,307
./images\video11_4070.xml,236,363,289,326
./images\video11_4080.xml,49,236,326,374
./images\video11_4090.xml,69,168,299,323
./images\video11_410.xml,262,545,353,436
./images\video11_4100.xml,108,230,318,351
./images\video11_420.xml,86,432,363,459
./images\video11_4390.xml,152,251,393,423
./images\video11_4410.xml,169,286,293,330
./images\video11_4420.xml,183,316,352,392
./images\video11_4430.xml,151,295,430,472
./images\video11_4440.xml,253,414,497,542
./images\video11_4450.xml,196,378,555,610
./images\video11_4460.xml,176,388,620,691
./images\video11_4470.xml,206,443,698,792
./images\video11_4600.xml,300,462,311,372
./images\video11_4610.xml,198,376,340,402
./images\video11_4620.xml,118,306,404,471
./images\video11_4630.xml,275,538,427,487
./images\video11_4640.xml,342,617,510,573
./images\video11_4650.xml,252,539,519,585
./images\video11_4660.xml,268,590,436,511
./images\video11_4670.xml,267,614,416,512
./images\video11_4710.xml,295,424,281,316
./images\video11_4720.xml,159,294,331,366
./images\video11_4730.xml,170,314,367,403
./images\video11_4740.xml,172,327,464,504
./images\video11_4750.xml,216,378,602,646
./images\video11_4770.xml,168,360,459,516
./images\video11_4780.xml,231,445,543,601
./images\video11_4790.xml,321,552,413,484
./images\video11_4800.xml,345,600,488,561
./images\video11_4810.xml,272,556,655,741
./images\video11_4950.xml,140,322,455,519
./images\video11_4960.xml,90,305,527,605
./images\video11_540.xml,455,1063,663,843
./images\video11_550.xml,621,1338,370,574
./images\video11_750.xml,204,1089,284,512
./images\video11_760.xml,350,1239,388,608
./images\video11_770.xml,327,1208,495,727
./images\video11_780.xml,265,1148,578,810
./images\video11_790.xml,125,1005,494,722
./images\video11_800.xml,48,931,401,637
./images\video11_810.xml,453,1023,378,528
./images\video11_860.xml,623,1187,628,768
./images\video11_980.xml,239,613,583,689
./images\video11_990.xml,246,625,574,677
./images\video12_100.xml,213,503,74,170
./images\video12_110.xml,121,427,99,209
./images\video12_140.xml,112,644,555,697
./images\video12_150.xml,16,653,652,837
./images\video12_60.xml,192,429,718,785
./images\video12_70.xml,141,383,678,742
./images\video12_80.xml,49,306,624,699
./images\video12_90.xml,48,321,534,614
./images\video2_0.xml,99,196,209,237
./images\video2_1360.xml,320,633,393,466
./images\video2_1430.xml,151,295,189,263
./images\video2_1480.xml,135,761,297,452
./images\video2_1490.xml,419,964,229,363
./images\video2_1510.xml,283,711,316,424
./images\video2_1590.xml,276,609,285,364
./images\video2_1750.xml,346,784,501,625
./images\video2_180.xml,331,568,516,611
./images\video2_1820.xml,229,805,474,649
./images\video2_1830.xml,348,820,656,773
./images\video2_2150.xml,287,687,427,541
./images\video2_220.xml,206,379,221,275
./images\video2_2210.xml,353,860,236,405
./images\video2_2220.xml,359,881,346,521
./images\video2_2230.xml,207,747,519,695
./images\video2_230.xml,239,417,231,293
./images\video2_240.xml,278,455,224,287
./images\video2_2550.xml,153,262,169,201
./images\video2_280.xml,423,906,924,1057
./images\video2_2870.xml,157,356,359,434
./images\video2_290.xml,381,782,661,783
./images\video2_300.xml,265,615,539,645
./images\video2_3030.xml,225,460,335,414
./images\video2_310.xml,230,405,200,263
./images\video2_3260.xml,157,312,328,372
./images\video2_3370.xml,579,816,360,430
./images\video2_3440.xml,346,1002,606,838
./images\video2_3560.xml,138,578,85,224
./images\video2_3570.xml,336,789,179,322
./images\video2_3600.xml,370,778,250,370
./images\video2_3730.xml,328,683,480,585
./images\video2_3740.xml,309,649,606,703
./images\video2_3750.xml,307,648,651,761
./images\video2_380.xml,588,1109,609,819
./images\video2_390.xml,332,855,563,778
./images\video2_3990.xml,57,451,517,642
./images\video2_400.xml,728,1234,559,761
./images\video2_4010.xml,147,618,648,798
./images\video2_4080.xml,9,534,901,1080
./images\video2_410.xml,362,856,561,754
./images\video2_4140.xml,192,719,447,616
./images\video2_4150.xml,261,785,482,643
./images\video2_4190.xml,525,986,550,678
./images\video2_420.xml,383,872,622,802
./images\video2_4230.xml,434,904,655,793
./images\video2_4280.xml,214,618,257,437
./images\video2_4290.xml,229,623,296,497
./images\video2_430.xml,646,1129,667,832
./images\video2_4340.xml,162,284,226,262
./images\video2_4370.xml,185,319,254,292
./images\video2_440.xml,642,1110,668,833
./images\video2_4400.xml,211,401,338,391
./images\video2_4410.xml,270,466,426,486
./images\video2_450.xml,669,1127,700,856
./images\video2_4510.xml,711,1360,475,661
./images\video2_4520.xml,829,1580,395,627
./images\video2_460.xml,519,968,951,1080
./images\video2_470.xml,409,866,709,873
./images\video2_4760.xml,307,540,474,560
./images\video2_4770.xml,267,486,605,688
./images\video2_4780.xml,260,467,418,500
./images\video2_480.xml,314,800,479,670
./images\video2_4870.xml,234,418,385,454
./images\video2_4980.xml,185,341,286,336
./images\video2_5240.xml,337,605,503,605
./images\video2_5250.xml,403,664,500,602
./images\video2_5260.xml,365,619,425,530
./images\video2_5270.xml,347,610,197,290
./images\video2_5280.xml,363,625,91,169
./images\video2_5290.xml,175,422,293,365
./images\video2_5300.xml,206,449,413,488
./images\video2_610.xml,291,577,293,375
./images\video2_620.xml,281,585,401,480
./images\video2_650.xml,361,786,432,568
./images\video2_820.xml,105,269,283,332
./images\video3_1050.xml,72,191,299,335
./images\video3_1070.xml,131,216,483,509
./images\video3_1080.xml,133,236,521,558
./images\video3_1090.xml,127,251,569,620
./images\video3_1100.xml,64,190,595,695
./images\video3_1120.xml,99,184,512,543
./images\video3_1130.xml,90,179,500,538
./images\video3_1140.xml,97,189,477,513
./images\video3_1150.xml,81,175,449,489
./images\video3_1180.xml,116,217,492,526
./images\video3_1190.xml,138,252,478,516
./images\video3_1200.xml,162,290,474,515
./images\video3_1210.xml,170,314,473,525
./images\video3_1220.xml,170,331,475,547
./images\video3_1350.xml,52,122,443,464
./images\video3_1360.xml,101,163,153,171
./images\video3_1370.xml,63,122,437,455
./images\video3_1440.xml,192,436,465,532
./images\video3_1450.xml,193,416,438,495
./images\video3_1460.xml,179,387,410,471
./images\video3_1500.xml,93,248,339,385
./images\video3_1510.xml,104,249,368,409
./images\video3_1650.xml,157,340,487,562
./images\video3_1660.xml,208,381,463,530
./images\video3_1670.xml,185,345,469,531
./images\video3_1680.xml,181,335,459,517
./images\video3_1700.xml,204,337,260,302
./images\video3_1710.xml,197,320,206,243
./images\video3_1730.xml,130,243,393,425
./images\video3_1750.xml,152,616,517,682
./images\video3_1760.xml,328,728,482,623
./images\video3_1770.xml,301,651,470,589
./images\video3_1780.xml,315,629,457,569
./images\video3_1790.xml,222,432,465,547
./images\video3_1800.xml,188,353,459,526
./images\video3_1810.xml,167,332,447,509
./images\video3_1820.xml,204,360,435,495
./images\video3_1840.xml,165,305,594,643
./images\video3_1850.xml,124,254,542,581
./images\video3_1860.xml,128,247,510,549
./images\video3_1870.xml,133,244,491,520
./images\video3_1880.xml,119,219,475,501
./images\video3_1890.xml,116,207,461,485
./images\video3_1900.xml,122,206,434,456
./images\video3_1910.xml,159,236,415,433
./images\video3_1920.xml,138,290,426,474
./images\video3_1930.xml,120,254,406,447
./images\video3_1950.xml,270,456,394,444
./images\video3_1960.xml,189,338,376,414
./images\video3_1970.xml,185,317,357,391
./images\video3_1980.xml,316,434,173,203
./images\video3_1990.xml,178,288,353,380
./images\video3_2000.xml,111,213,347,374
./images\video3_2170.xml,208,347,531,575
./images\video3_2180.xml,177,317,525,573
./images\video3_2190.xml,169,313,523,569
./images\video3_2200.xml,341,483,307,352
./images\video3_2210.xml,209,353,516,563
./images\video3_2220.xml,149,289,329,375
./images\video3_2230.xml,183,326,423,469
./images\video3_2240.xml,247,390,336,382
./images\video3_2250.xml,128,271,499,546
./images\video3_310.xml,115,244,427,467
./images\video3_40.xml,161,575,545,671
./images\video3_440.xml,16,167,425,479
./images\video3_450.xml,138,263,315,345
./images\video3_470.xml,171,330,487,536
./images\video3_540.xml,91,659,192,455
./images\video3_550.xml,21,598,145,408
./images\video3_560.xml,137,320,426,527
./images\video3_570.xml,126,306,426,525
./images\video3_580.xml,113,292,430,530
./images\video3_590.xml,141,317,440,539
./images\video3_600.xml,89,262,444,548
./images\video3_610.xml,100,272,464,564
./images\video3_620.xml,68,243,477,574
./images\video3_630.xml,59,230,487,587
./images\video3_640.xml,82,248,496,602
./images\video3_650.xml,138,274,496,615
./images\video3_660.xml,502,685,352,477
./images\video4_1100.xml,114,213,217,245
./images\video4_2020.xml,1,213,439,480
./images\video4_2030.xml,104,317,464,510
./images\video4_2120.xml,341,491,463,541
./images\video4_2130.xml,426,593,459,551
./images\video4_2140.xml,401,587,471,560
./images\video4_2150.xml,340,538,469,569
./images\video4_2160.xml,262,476,476,576
./images\video4_2170.xml,170,405,473,582
./images\video4_2180.xml,30,298,468,594
./images\video4_2210.xml,115,188,521,552
./images\video4_2230.xml,157,227,348,380
./images\video4_2240.xml,214,356,438,503
./images\video4_2250.xml,372,671,310,435
./images\video4_2260.xml,188,482,322,454
./images\video4_2290.xml,388,712,354,504
./images\video4_2300.xml,734,1073,369,534
./images\video4_2310.xml,698,1061,369,565
./images\video4_2340.xml,1,350,408,663
./images\video4_2370.xml,552,900,276,406
./images\video4_2380.xml,176,531,242,373
./images\video4_2390.xml,143,484,236,375
./images\video4_2410.xml,144,502,274,425
./images\video4_2420.xml,91,448,289,438
./images\video4_2430.xml,74,438,345,500
./images\video4_2440.xml,34,398,406,570
./images\video4_2490.xml,188,572,313,467
./images\video4_2500.xml,195,589,287,455
./images\video4_2580.xml,277,502,262,378
./images\video4_2590.xml,394,633,242,384
./images\video4_2600.xml,368,613,195,339
./images\video4_2610.xml,230,479,173,338
./images\video4_2620.xml,113,362,215,392
./images\video4_2630.xml,13,266,217,404
./images\video4_2640.xml,201,428,399,467
./images\video4_2650.xml,310,547,564,640
./images\video4_2660.xml,194,428,593,673
./images\video4_2720.xml,244,497,617,713
./images\video4_2730.xml,239,491,650,744
./images\video4_2780.xml,87,348,378,483
./images\video4_2790.xml,114,375,400,499
./images\video4_2800.xml,147,405,417,519
./images\video4_2810.xml,188,445,428,527
./images\video4_2820.xml,238,495,436,536
./images\video4_2830.xml,275,533,482,581
./images\video4_2840.xml,141,398,582,678
./images\video4_2970.xml,515,683,301,497
./images\video4_3090.xml,333,668,504,609
./images\video4_3100.xml,281,636,558,669
./images\video4_3130.xml,292,737,632,782
./images\video4_3190.xml,186,420,469,566
./images\video4_3200.xml,31,278,412,528
./images\video4_3280.xml,300,608,218,337
./images\video4_3290.xml,291,626,362,488
./images\video4_330.xml,358,777,81,220
./images\video4_3310.xml,346,738,149,315
./images\video4_3320.xml,158,586,168,353
./images\video4_3330.xml,60,527,270,478
./images\video4_340.xml,470,1009,458,620
./images\video4_3500.xml,165,278,534,564
./images\video4_3510.xml,130,256,534,579
./images\video4_3520.xml,141,279,516,575
./images\video4_3720.xml,80,763,417,729
./images\video4_3760.xml,216,415,304,356
./images\video4_3770.xml,232,425,336,386
./images\video4_3780.xml,233,417,369,426
./images\video4_3790.xml,250,428,376,433
./images\video4_3800.xml,188,356,390,441
./images\video4_3810.xml,148,309,392,441
./images\video4_3820.xml,152,305,391,446
./images\video4_3830.xml,243,388,397,442
./images\video4_3840.xml,111,254,388,425
./images\video4_3850.xml,180,318,397,443
./images\video4_3860.xml,237,372,252,295
./images\video4_50.xml,811,1479,491,713
./images\video5_0.xml,109,312,543,603
./images\video5_10.xml,77,314,600,678
./images\video5_100.xml,111,465,407,505
./images\video5_110.xml,111,483,389,491
./images\video5_120.xml,79,465,438,545
./images\video5_130.xml,65,459,416,521
./images\video5_140.xml,84,472,383,488
./images\video5_150.xml,110,496,437,537
./images\video5_160.xml,166,554,437,538
./images\video5_170.xml,210,591,441,542
./images\video5_180.xml,111,497,493,595
./images\video5_1820.xml,340,756,90,209
./images\video5_1830.xml,435,840,140,261
./images\video5_1840.xml,486,876,172,283
./images\video5_190.xml,101,487,474,575
./images\video5_340.xml,266,926,610,806
./images\video5_350.xml,246,898,599,798
./images\video5_360.xml,159,807,597,797
./images\video5_370.xml,115,766,581,785
./images\video5_380.xml,44,697,578,778
./images\video5_390.xml,105,760,571,770
./images\video5_400.xml,109,754,567,764
./images\video5_430.xml,532,1142,337,545
./images\video5_470.xml,902,1133,362,431
./images\video5_480.xml,1041,1279,402,472
./images\video5_490.xml,580,815,375,446
./images\video5_500.xml,508,741,302,369
./images\video5_510.xml,439,661,297,356
./images\video5_520.xml,403,612,291,349
./images\video5_60.xml,174,340,222,258
./images\video5_70.xml,94,272,227,270
./images\video5_80.xml,53,246,241,289
./images\video5_90.xml,83,295,224,280
./images\video6_1000.xml,589,1227,265,449
./images\video6_1010.xml,497,1150,138,327
./images\video6_1020.xml,332,997,10,195
./images\video6_1030.xml,102,795,185,381
./images\video6_1040.xml,164,847,303,496
./images\video6_1050.xml,637,1263,317,520
./images\video6_1060.xml,911,1471,308,463
./images\video6_1070.xml,1086,1593,335,476
./images\video6_1080.xml,1151,1611,365,479
./images\video6_1090.xml,1089,1520,120,228
./images\video6_1100.xml,964,1363,3,97
./images\video6_1110.xml,868,1257,21,128
./images\video6_1120.xml,819,1191,231,341
./images\video6_1130.xml,846,1205,331,429
./images\video6_1140.xml,935,1269,372,463
./images\video6_1150.xml,1065,1373,402,495
./images\video6_200.xml,183,292,240,266
./images\video6_210.xml,145,244,125,151
./images\video6_220.xml,101,192,226,250
./images\video6_260.xml,136,345,411,459
./images\video6_40.xml,123,231,115,146
./images\video6_440.xml,394,1063,313,531
./images\video6_650.xml,195,373,240,281
./images\video6_710.xml,227,459,710,796
./images\video6_80.xml,45,142,50,76
./images\video6_810.xml,1270,1854,177,303
./images\video6_820.xml,952,1597,277,420
./images\video6_830.xml,809,1496,332,491
./images\video6_840.xml,670,1378,369,536
./images\video6_850.xml,582,1292,349,518
./images\video6_860.xml,557,1238,278,437
./images\video6_870.xml,583,1218,255,406
./images\video6_880.xml,688,1283,278,414
./images\video6_890.xml,788,1342,267,403
./images\video6_900.xml,845,1371,260,396
./images\video6_910.xml,854,1373,292,413
./images\video6_920.xml,852,1378,285,420
./images\video6_930.xml,821,1357,282,417
./images\video6_940.xml,784,1329,288,419
./images\video6_950.xml,664,1217,313,448
./images\video6_960.xml,348,929,294,434
./images\video6_970.xml,70,676,321,497
./images\video6_990.xml,465,1075,328,490
./images\video8_0.xml,83,185,404,449
./images\video8_10.xml,96,225,600,663
./images\video8_1030.xml,141,271,462,503
./images\video8_1040.xml,127,282,486,527
./images\video8_1050.xml,693,889,461,525
./images\video8_1090.xml,497,628,572,625
./images\video8_1110.xml,401,589,414,464
./images\video8_1120.xml,158,402,462,513
./images\video8_130.xml,70,161,395,424
./images\video8_1300.xml,91,221,481,541
./images\video8_1310.xml,94,218,419,496
./images\video8_1320.xml,68,167,453,538
./images\video8_1340.xml,55,160,131,169
./images\video8_1350.xml,50,168,115,158
./images\video8_1360.xml,30,158,44,92
./images\video8_1370.xml,122,265,354,418
./images\video8_1380.xml,187,330,404,474
./images\video8_1390.xml,91,221,399,487
./images\video8_1410.xml,213,316,178,203
./images\video8_1420.xml,159,257,173,198
./images\video8_1430.xml,222,317,172,197
./images\video8_1440.xml,347,624,456,525
./images\video8_1450.xml,28,303,507,577
./images\video8_1510.xml,1133,1448,238,340
./images\video8_1520.xml,964,1277,700,805
./images\video8_1540.xml,1025,1312,151,232
./images\video8_1550.xml,773,1037,491,570
./images\video8_1570.xml,592,821,358,421
./images\video8_1580.xml,419,629,719,787
./images\video8_1590.xml,381,583,864,923
./images\video8_1600.xml,328,518,230,286
./images\video8_1610.xml,211,394,335,384
./images\video8_1680.xml,416,763,344,481
./images\video8_1890.xml,270,389,359,402
./images\video8_20.xml,114,283,665,761
./images\video8_2090.xml,973,1038,326,348
./images\video8_2100.xml,147,231,382,417
./images\video8_2260.xml,183,255,476,496
./images\video8_2270.xml,182,255,489,512
./images\video8_2350.xml,128,205,414,444
./images\video8_2360.xml,138,215,401,435
./images\video8_2450.xml,156,254,409,442
./images\video8_2460.xml,80,184,719,798
./images\video8_2470.xml,106,202,268,296
./images\video8_2480.xml,113,209,202,228
./images\video8_250.xml,178,241,349,366
./images\video8_260.xml,308,382,347,368
./images\video8_270.xml,137,226,359,387
./images\video8_660.xml,130,222,447,480
./images\video8_730.xml,162,249,458,486
./images\video8_740.xml,98,200,479,512
./images\video8_750.xml,122,238,488,530
./images\video8_760.xml,167,305,525,584
./images\video8_770.xml,30,192,552,633
./images\video8_780.xml,151,247,454,495
./images\video8_790.xml,335,454,440,496
./images\video8_800.xml,134,281,459,535
./images\video8_840.xml,158,263,409,445
./images\video8_850.xml,123,273,358,401
./images\video8_860.xml,126,294,379,433
./images\video8_870.xml,141,328,429,487
./images\video8_880.xml,160,371,498,577
./images\video8_890.xml,168,409,559,672
./images\video8_920.xml,69,181,455,498
./images\video8_930.xml,102,198,461,494
./images\video8_940.xml,105,216,498,538
./images\video8_950.xml,104,189,359,381
./images\video8_960.xml,107,206,381,409
./images\video8_970.xml,114,223,410,455
./images\video8_980.xml,208,326,444,497
./images\video9_100.xml,353,692,323,401
./images\video9_110.xml,705,1021,290,363
./images\video9_120.xml,1001,1294,284,358
./images\video9_130.xml,1000,1283,274,348
./images\video9_140.xml,858,1116,256,320
./images\video9_150.xml,340,569,235,307
./images\video9_260.xml,1,696,351,523
./images\video9_270.xml,354,1009,304,482
./images\video9_280.xml,650,1254,250,413
./images\video9_290.xml,904,1457,159,313
./images\video9_300.xml,46,256,301,381
./images\video9_310.xml,69,546,3,98
./images\video9_350.xml,757,1064,57,144
./images\video9_360.xml,1259,1536,299,372
./images\video9_370.xml,1492,1746,640,715
./images\video9_390.xml,1313,1538,186,253
./images\video9_40.xml,1028,1663,329,487
./images\video9_70.xml,1463,1878,147,254
./images\video9_80.xml,1227,1607,243,337
./images\video9_90.xml,472,831,335,419
./images\video_15.xml,376,846,62,234
./images\WB1.xml,159,223,111,142
./images\WB11.xml,78,173,304,328
./images\WB12.xml,95,184,166,187
./images\WB13.xml,170,221,117,127
./images\WB14.xml,93,169,368,392
./images\WB15.xml,94,182,246,273
./images\WB16.xml,96,165,253,269
./images\WB17.xml,97,185,265,287
./images\WB18.xml,73,166,231,252
./images\WB19.xml,84,170,174,199
./images\WB2.xml,83,187,420,445
./images\WB20.xml,105,176,202,235
./images\WB21.xml,34,106,194,220
./images\WB22.xml,106,164,247,264
./images\WB23.xml,93,180,143,161
./images\WB25.xml,17,64,116,139
./images\WB26.xml,30,80,120,143
./images\WB27.xml,101,187,165,186
./images\WB28.xml,85,180,305,326
./images\WB3.xml,94,171,146,163
./images\WB4.xml,119,191,268,292
./images\WB5.xml,105,187,256,280
./images\WB6.xml,108,181,247,266
./images\WB8.xml,98,184,210,229
./images\WB9.xml,92,152,204,221
